SET statement_timeout = 0;
SET lock_timeout = 0;
SET idle_in_transaction_session_timeout = 0;
SET transaction_timeout = 0;
SET client_encoding = 'UTF8';
SET standard_conforming_strings = on;
SELECT pg_catalog.set_config('search_path', '', false);
SET check_function_bodies = false;
SET xmloption = content;
SET client_min_messages = warning;
SET row_security = off;

SET default_tablespace = '';

SET default_table_access_method = heap;

--
-- Name: account_emailaddress; Type: TABLE; Schema: public; Owner: admin
--

CREATE TABLE public.account_emailaddress (
    id integer NOT NULL,
    email character varying(254) NOT NULL,
    verified boolean NOT NULL,
    "primary" boolean NOT NULL,
    user_id integer NOT NULL
);


ALTER TABLE public.account_emailaddress OWNER TO admin;

--
-- Name: account_emailaddress_id_seq; Type: SEQUENCE; Schema: public; Owner: admin
--

ALTER TABLE public.account_emailaddress ALTER COLUMN id ADD GENERATED BY DEFAULT AS IDENTITY (
    SEQUENCE NAME public.account_emailaddress_id_seq
    START WITH 1
    INCREMENT BY 1
    NO MINVALUE
    NO MAXVALUE
    CACHE 1
);


--
-- Name: account_emailconfirmation; Type: TABLE; Schema: public; Owner: admin
--

CREATE TABLE public.account_emailconfirmation (
    id integer NOT NULL,
    created timestamp with time zone NOT NULL,
    sent timestamp with time zone,
    key character varying(64) NOT NULL,
    email_address_id integer NOT NULL
);


ALTER TABLE public.account_emailconfirmation OWNER TO admin;

--
-- Name: account_emailconfirmation_id_seq; Type: SEQUENCE; Schema: public; Owner: admin
--

ALTER TABLE public.account_emailconfirmation ALTER COLUMN id ADD GENERATED BY DEFAULT AS IDENTITY (
    SEQUENCE NAME public.account_emailconfirmation_id_seq
    START WITH 1
    INCREMENT BY 1
    NO MINVALUE
    NO MAXVALUE
    CACHE 1
);


--
-- Name: auth_group; Type: TABLE; Schema: public; Owner: admin
--

CREATE TABLE public.auth_group (
    id integer NOT NULL,
    name character varying(150) NOT NULL
);


ALTER TABLE public.auth_group OWNER TO admin;

--
-- Name: auth_group_id_seq; Type: SEQUENCE; Schema: public; Owner: admin
--

ALTER TABLE public.auth_group ALTER COLUMN id ADD GENERATED BY DEFAULT AS IDENTITY (
    SEQUENCE NAME public.auth_group_id_seq
    START WITH 1
    INCREMENT BY 1
    NO MINVALUE
    NO MAXVALUE
    CACHE 1
);


--
-- Name: auth_group_permissions; Type: TABLE; Schema: public; Owner: admin
--

CREATE TABLE public.auth_group_permissions (
    id bigint NOT NULL,
    group_id integer NOT NULL,
    permission_id integer NOT NULL
);


ALTER TABLE public.auth_group_permissions OWNER TO admin;

--
-- Name: auth_group_permissions_id_seq; Type: SEQUENCE; Schema: public; Owner: admin
--

ALTER TABLE public.auth_group_permissions ALTER COLUMN id ADD GENERATED BY DEFAULT AS IDENTITY (
    SEQUENCE NAME public.auth_group_permissions_id_seq
    START WITH 1
    INCREMENT BY 1
    NO MINVALUE
    NO MAXVALUE
    CACHE 1
);


--
-- Name: auth_permission; Type: TABLE; Schema: public; Owner: admin
--

CREATE TABLE public.auth_permission (
    id integer NOT NULL,
    name character varying(255) NOT NULL,
    content_type_id integer NOT NULL,
    codename character varying(100) NOT NULL
);


ALTER TABLE public.auth_permission OWNER TO admin;

--
-- Name: auth_permission_id_seq; Type: SEQUENCE; Schema: public; Owner: admin
--

ALTER TABLE public.auth_permission ALTER COLUMN id ADD GENERATED BY DEFAULT AS IDENTITY (
    SEQUENCE NAME public.auth_permission_id_seq
    START WITH 1
    INCREMENT BY 1
    NO MINVALUE
    NO MAXVALUE
    CACHE 1
);


--
-- Name: django_admin_log; Type: TABLE; Schema: public; Owner: admin
--

CREATE TABLE public.django_admin_log (
    id integer NOT NULL,
    action_time timestamp with time zone NOT NULL,
    object_id text,
    object_repr character varying(200) NOT NULL,
    action_flag smallint NOT NULL,
    change_message text NOT NULL,
    content_type_id integer,
    user_id integer NOT NULL,
    CONSTRAINT django_admin_log_action_flag_check CHECK ((action_flag >= 0))
);


ALTER TABLE public.django_admin_log OWNER TO admin;

--
-- Name: django_admin_log_id_seq; Type: SEQUENCE; Schema: public; Owner: admin
--

ALTER TABLE public.django_admin_log ALTER COLUMN id ADD GENERATED BY DEFAULT AS IDENTITY (
    SEQUENCE NAME public.django_admin_log_id_seq
    START WITH 1
    INCREMENT BY 1
    NO MINVALUE
    NO MAXVALUE
    CACHE 1
);


--
-- Name: django_content_type; Type: TABLE; Schema: public; Owner: admin
--

CREATE TABLE public.django_content_type (
    id integer NOT NULL,
    app_label character varying(100) NOT NULL,
    model character varying(100) NOT NULL
);


ALTER TABLE public.django_content_type OWNER TO admin;

--
-- Name: django_content_type_id_seq; Type: SEQUENCE; Schema: public; Owner: admin
--

ALTER TABLE public.django_content_type ALTER COLUMN id ADD GENERATED BY DEFAULT AS IDENTITY (
    SEQUENCE NAME public.django_content_type_id_seq
    START WITH 1
    INCREMENT BY 1
    NO MINVALUE
    NO MAXVALUE
    CACHE 1
);


--
-- Name: django_migrations; Type: TABLE; Schema: public; Owner: admin
--

CREATE TABLE public.django_migrations (
    id bigint NOT NULL,
    app character varying(255) NOT NULL,
    name character varying(255) NOT NULL,
    applied timestamp with time zone NOT NULL
);


ALTER TABLE public.django_migrations OWNER TO admin;

--
-- Name: django_migrations_id_seq; Type: SEQUENCE; Schema: public; Owner: admin
--

ALTER TABLE public.django_migrations ALTER COLUMN id ADD GENERATED BY DEFAULT AS IDENTITY (
    SEQUENCE NAME public.django_migrations_id_seq
    START WITH 1
    INCREMENT BY 1
    NO MINVALUE
    NO MAXVALUE
    CACHE 1
);


--
-- Name: django_session; Type: TABLE; Schema: public; Owner: admin
--

CREATE TABLE public.django_session (
    session_key character varying(40) NOT NULL,
    session_data text NOT NULL,
    expire_date timestamp with time zone NOT NULL
);


ALTER TABLE public.django_session OWNER TO admin;

--
-- Name: django_site; Type: TABLE; Schema: public; Owner: admin
--

CREATE TABLE public.django_site (
    id integer NOT NULL,
    domain character varying(100) NOT NULL,
    name character varying(50) NOT NULL
);


ALTER TABLE public.django_site OWNER TO admin;

--
-- Name: django_site_id_seq; Type: SEQUENCE; Schema: public; Owner: admin
--

ALTER TABLE public.django_site ALTER COLUMN id ADD GENERATED BY DEFAULT AS IDENTITY (
    SEQUENCE NAME public.django_site_id_seq
    START WITH 1
    INCREMENT BY 1
    NO MINVALUE
    NO MAXVALUE
    CACHE 1
);


--
-- Name: knox_authtoken; Type: TABLE; Schema: public; Owner: admin
--

CREATE TABLE public.knox_authtoken (
    digest character varying(128) NOT NULL,
    created timestamp with time zone NOT NULL,
    user_id integer NOT NULL,
    expiry timestamp with time zone,
    token_key character varying(25) NOT NULL
);


ALTER TABLE public.knox_authtoken OWNER TO admin;

--
-- Name: morisite_album; Type: TABLE; Schema: public; Owner: admin
--

CREATE TABLE public.morisite_album (
    id_album integer NOT NULL,
    title character varying(255) NOT NULL,
    description text NOT NULL,
    is_main boolean NOT NULL,
    created_at timestamp with time zone NOT NULL,
    updated_at timestamp with time zone NOT NULL,
    user_id integer NOT NULL
);


ALTER TABLE public.morisite_album OWNER TO admin;

--
-- Name: morisite_album_id_album_seq; Type: SEQUENCE; Schema: public; Owner: admin
--

ALTER TABLE public.morisite_album ALTER COLUMN id_album ADD GENERATED BY DEFAULT AS IDENTITY (
    SEQUENCE NAME public.morisite_album_id_album_seq
    START WITH 1
    INCREMENT BY 1
    NO MINVALUE
    NO MAXVALUE
    CACHE 1
);


--
-- Name: morisite_avatar; Type: TABLE; Schema: public; Owner: admin
--

CREATE TABLE public.morisite_avatar (
    id_avatar integer NOT NULL,
    avatar character varying(100),
    updated_at timestamp with time zone NOT NULL,
    user_id integer NOT NULL
);


ALTER TABLE public.morisite_avatar OWNER TO admin;

--
-- Name: morisite_avatar_id_avatar_seq; Type: SEQUENCE; Schema: public; Owner: admin
--

ALTER TABLE public.morisite_avatar ALTER COLUMN id_avatar ADD GENERATED BY DEFAULT AS IDENTITY (
    SEQUENCE NAME public.morisite_avatar_id_avatar_seq
    START WITH 1
    INCREMENT BY 1
    NO MINVALUE
    NO MAXVALUE
    CACHE 1
);


--
-- Name: morisite_comment; Type: TABLE; Schema: public; Owner: admin
--

CREATE TABLE public.morisite_comment (
    id_comment integer NOT NULL,
    like_count integer NOT NULL,
    content text NOT NULL,
    created_at timestamp with time zone NOT NULL,
    updated_at timestamp with time zone NOT NULL,
    liked_by jsonb NOT NULL,
    parent_comment_id integer,
    user_id integer NOT NULL,
    photo_id integer NOT NULL,
    CONSTRAINT morisite_comment_like_count_check CHECK ((like_count >= 0))
);


ALTER TABLE public.morisite_comment OWNER TO admin;

--
-- Name: morisite_comment_id_comment_seq; Type: SEQUENCE; Schema: public; Owner: admin
--

ALTER TABLE public.morisite_comment ALTER COLUMN id_comment ADD GENERATED BY DEFAULT AS IDENTITY (
    SEQUENCE NAME public.morisite_comment_id_comment_seq
    START WITH 1
    INCREMENT BY 1
    NO MINVALUE
    NO MAXVALUE
    CACHE 1
);


--
-- Name: morisite_favorite; Type: TABLE; Schema: public; Owner: admin
--

CREATE TABLE public.morisite_favorite (
    id_favorite integer NOT NULL,
    note text NOT NULL,
    updated_at timestamp with time zone NOT NULL,
    created_at timestamp with time zone NOT NULL,
    photo_id integer NOT NULL
);


ALTER TABLE public.morisite_favorite OWNER TO admin;

--
-- Name: morisite_favorite_id_favorite_seq; Type: SEQUENCE; Schema: public; Owner: admin
--

ALTER TABLE public.morisite_favorite ALTER COLUMN id_favorite ADD GENERATED BY DEFAULT AS IDENTITY (
    SEQUENCE NAME public.morisite_favorite_id_favorite_seq
    START WITH 1
    INCREMENT BY 1
    NO MINVALUE
    NO MAXVALUE
    CACHE 1
);


--
-- Name: morisite_like; Type: TABLE; Schema: public; Owner: admin
--

CREATE TABLE public.morisite_like (
    id_like integer NOT NULL,
    updated_at timestamp with time zone NOT NULL,
    created_at timestamp with time zone NOT NULL,
    user_id integer NOT NULL,
    photo_id integer NOT NULL
);


ALTER TABLE public.morisite_like OWNER TO admin;

--
-- Name: morisite_like_id_like_seq; Type: SEQUENCE; Schema: public; Owner: admin
--

ALTER TABLE public.morisite_like ALTER COLUMN id_like ADD GENERATED BY DEFAULT AS IDENTITY (
    SEQUENCE NAME public.morisite_like_id_like_seq
    START WITH 1
    INCREMENT BY 1
    NO MINVALUE
    NO MAXVALUE
    CACHE 1
);


--
-- Name: morisite_notification; Type: TABLE; Schema: public; Owner: admin
--

CREATE TABLE public.morisite_notification (
    id_notification integer NOT NULL,
    notif_type character varying(20) NOT NULL,
    message text NOT NULL,
    created_at timestamp with time zone NOT NULL,
    comment_id integer,
    recipient_id integer NOT NULL,
    sender_id integer NOT NULL,
    photo_id integer
);


ALTER TABLE public.morisite_notification OWNER TO admin;

--
-- Name: morisite_notification_id_notification_seq; Type: SEQUENCE; Schema: public; Owner: admin
--

ALTER TABLE public.morisite_notification ALTER COLUMN id_notification ADD GENERATED BY DEFAULT AS IDENTITY (
    SEQUENCE NAME public.morisite_notification_id_notification_seq
    START WITH 1
    INCREMENT BY 1
    NO MINVALUE
    NO MAXVALUE
    CACHE 1
);


--
-- Name: morisite_photo; Type: TABLE; Schema: public; Owner: admin
--

CREATE TABLE public.morisite_photo (
    id_photo integer NOT NULL,
    name character varying(255) NOT NULL,
    location character varying(255) NOT NULL,
    caption text NOT NULL,
    tags text NOT NULL,
    colors text NOT NULL,
    objects_photo text NOT NULL,
    description text NOT NULL,
    photo character varying(100),
    is_favorited boolean NOT NULL,
    is_deleted boolean NOT NULL,
    is_public boolean NOT NULL,
    like_count integer NOT NULL,
    faiss_id integer,
    faiss_id_public integer,
    created_at timestamp with time zone NOT NULL,
    updated_at timestamp with time zone NOT NULL,
    album_id integer NOT NULL,
    CONSTRAINT morisite_photo_like_count_check CHECK ((like_count >= 0))
);


ALTER TABLE public.morisite_photo OWNER TO admin;

--
-- Name: morisite_photo_id_photo_seq; Type: SEQUENCE; Schema: public; Owner: admin
--

ALTER TABLE public.morisite_photo ALTER COLUMN id_photo ADD GENERATED BY DEFAULT AS IDENTITY (
    SEQUENCE NAME public.morisite_photo_id_photo_seq
    START WITH 1
    INCREMENT BY 1
    NO MINVALUE
    NO MAXVALUE
    CACHE 1
);


--
-- Name: morisite_search_history; Type: TABLE; Schema: public; Owner: admin
--

CREATE TABLE public.morisite_search_history (
    id_search_history integer NOT NULL,
    search_query character varying(255) NOT NULL,
    search_type character varying(255) NOT NULL,
    search_date timestamp with time zone NOT NULL,
    liked_images jsonb NOT NULL,
    created_at timestamp with time zone NOT NULL,
    user_id integer NOT NULL
);


ALTER TABLE public.morisite_search_history OWNER TO admin;

--
-- Name: morisite_search_history_id_search_history_seq; Type: SEQUENCE; Schema: public; Owner: admin
--

ALTER TABLE public.morisite_search_history ALTER COLUMN id_search_history ADD GENERATED BY DEFAULT AS IDENTITY (
    SEQUENCE NAME public.morisite_search_history_id_search_history_seq
    START WITH 1
    INCREMENT BY 1
    NO MINVALUE
    NO MAXVALUE
    CACHE 1
);


--
-- Name: morisite_trash; Type: TABLE; Schema: public; Owner: admin
--

CREATE TABLE public.morisite_trash (
    id_trash integer NOT NULL,
    deleted_at timestamp with time zone NOT NULL,
    created_at timestamp with time zone NOT NULL,
    photo_id integer,
    user_id integer NOT NULL
);


ALTER TABLE public.morisite_trash OWNER TO admin;

--
-- Name: morisite_trash_id_trash_seq; Type: SEQUENCE; Schema: public; Owner: admin
--

ALTER TABLE public.morisite_trash ALTER COLUMN id_trash ADD GENERATED BY DEFAULT AS IDENTITY (
    SEQUENCE NAME public.morisite_trash_id_trash_seq
    START WITH 1
    INCREMENT BY 1
    NO MINVALUE
    NO MAXVALUE
    CACHE 1
);


--
-- Name: morisite_user; Type: TABLE; Schema: public; Owner: admin
--

CREATE TABLE public.morisite_user (
    password character varying(128) NOT NULL,
    last_login timestamp with time zone,
    is_superuser boolean NOT NULL,
    id_user integer NOT NULL,
    name character varying(255) NOT NULL,
    email character varying(254) NOT NULL,
    created_at timestamp with time zone NOT NULL,
    updated_at timestamp with time zone NOT NULL,
    is_email boolean NOT NULL,
    is_active boolean NOT NULL,
    is_staff boolean NOT NULL
);


ALTER TABLE public.morisite_user OWNER TO admin;

--
-- Name: morisite_user_groups; Type: TABLE; Schema: public; Owner: admin
--

CREATE TABLE public.morisite_user_groups (
    id bigint NOT NULL,
    user_id integer NOT NULL,
    group_id integer NOT NULL
);


ALTER TABLE public.morisite_user_groups OWNER TO admin;

--
-- Name: morisite_user_groups_id_seq; Type: SEQUENCE; Schema: public; Owner: admin
--

ALTER TABLE public.morisite_user_groups ALTER COLUMN id ADD GENERATED BY DEFAULT AS IDENTITY (
    SEQUENCE NAME public.morisite_user_groups_id_seq
    START WITH 1
    INCREMENT BY 1
    NO MINVALUE
    NO MAXVALUE
    CACHE 1
);


--
-- Name: morisite_user_id_user_seq; Type: SEQUENCE; Schema: public; Owner: admin
--

ALTER TABLE public.morisite_user ALTER COLUMN id_user ADD GENERATED BY DEFAULT AS IDENTITY (
    SEQUENCE NAME public.morisite_user_id_user_seq
    START WITH 1
    INCREMENT BY 1
    NO MINVALUE
    NO MAXVALUE
    CACHE 1
);


--
-- Name: morisite_user_user_permissions; Type: TABLE; Schema: public; Owner: admin
--

CREATE TABLE public.morisite_user_user_permissions (
    id bigint NOT NULL,
    user_id integer NOT NULL,
    permission_id integer NOT NULL
);


ALTER TABLE public.morisite_user_user_permissions OWNER TO admin;

--
-- Name: morisite_user_user_permissions_id_seq; Type: SEQUENCE; Schema: public; Owner: admin
--

ALTER TABLE public.morisite_user_user_permissions ALTER COLUMN id ADD GENERATED BY DEFAULT AS IDENTITY (
    SEQUENCE NAME public.morisite_user_user_permissions_id_seq
    START WITH 1
    INCREMENT BY 1
    NO MINVALUE
    NO MAXVALUE
    CACHE 1
);


--
-- Name: socialaccount_socialaccount; Type: TABLE; Schema: public; Owner: admin
--

CREATE TABLE public.socialaccount_socialaccount (
    id integer NOT NULL,
    provider character varying(200) NOT NULL,
    uid character varying(191) NOT NULL,
    last_login timestamp with time zone NOT NULL,
    date_joined timestamp with time zone NOT NULL,
    extra_data jsonb NOT NULL,
    user_id integer NOT NULL
);


ALTER TABLE public.socialaccount_socialaccount OWNER TO admin;

--
-- Name: socialaccount_socialaccount_id_seq; Type: SEQUENCE; Schema: public; Owner: admin
--

ALTER TABLE public.socialaccount_socialaccount ALTER COLUMN id ADD GENERATED BY DEFAULT AS IDENTITY (
    SEQUENCE NAME public.socialaccount_socialaccount_id_seq
    START WITH 1
    INCREMENT BY 1
    NO MINVALUE
    NO MAXVALUE
    CACHE 1
);


--
-- Name: socialaccount_socialapp; Type: TABLE; Schema: public; Owner: admin
--

CREATE TABLE public.socialaccount_socialapp (
    id integer NOT NULL,
    provider character varying(30) NOT NULL,
    name character varying(40) NOT NULL,
    client_id character varying(191) NOT NULL,
    secret character varying(191) NOT NULL,
    key character varying(191) NOT NULL,
    provider_id character varying(200) NOT NULL,
    settings jsonb NOT NULL
);


ALTER TABLE public.socialaccount_socialapp OWNER TO admin;

--
-- Name: socialaccount_socialapp_id_seq; Type: SEQUENCE; Schema: public; Owner: admin
--

ALTER TABLE public.socialaccount_socialapp ALTER COLUMN id ADD GENERATED BY DEFAULT AS IDENTITY (
    SEQUENCE NAME public.socialaccount_socialapp_id_seq
    START WITH 1
    INCREMENT BY 1
    NO MINVALUE
    NO MAXVALUE
    CACHE 1
);


--
-- Name: socialaccount_socialapp_sites; Type: TABLE; Schema: public; Owner: admin
--

CREATE TABLE public.socialaccount_socialapp_sites (
    id bigint NOT NULL,
    socialapp_id integer NOT NULL,
    site_id integer NOT NULL
);


ALTER TABLE public.socialaccount_socialapp_sites OWNER TO admin;

--
-- Name: socialaccount_socialapp_sites_id_seq; Type: SEQUENCE; Schema: public; Owner: admin
--

ALTER TABLE public.socialaccount_socialapp_sites ALTER COLUMN id ADD GENERATED BY DEFAULT AS IDENTITY (
    SEQUENCE NAME public.socialaccount_socialapp_sites_id_seq
    START WITH 1
    INCREMENT BY 1
    NO MINVALUE
    NO MAXVALUE
    CACHE 1
);


--
-- Name: socialaccount_socialtoken; Type: TABLE; Schema: public; Owner: admin
--

CREATE TABLE public.socialaccount_socialtoken (
    id integer NOT NULL,
    token text NOT NULL,
    token_secret text NOT NULL,
    expires_at timestamp with time zone,
    account_id integer NOT NULL,
    app_id integer
);


ALTER TABLE public.socialaccount_socialtoken OWNER TO admin;

--
-- Name: socialaccount_socialtoken_id_seq; Type: SEQUENCE; Schema: public; Owner: admin
--

ALTER TABLE public.socialaccount_socialtoken ALTER COLUMN id ADD GENERATED BY DEFAULT AS IDENTITY (
    SEQUENCE NAME public.socialaccount_socialtoken_id_seq
    START WITH 1
    INCREMENT BY 1
    NO MINVALUE
    NO MAXVALUE
    CACHE 1
);


--
-- Data for Name: account_emailaddress; Type: TABLE DATA; Schema: public; Owner: admin
--

COPY public.account_emailaddress (id, email, verified, "primary", user_id) FROM stdin;
\.


--
-- Data for Name: account_emailconfirmation; Type: TABLE DATA; Schema: public; Owner: admin
--

COPY public.account_emailconfirmation (id, created, sent, key, email_address_id) FROM stdin;
\.


--
-- Data for Name: auth_group; Type: TABLE DATA; Schema: public; Owner: admin
--

COPY public.auth_group (id, name) FROM stdin;
\.


--
-- Data for Name: auth_group_permissions; Type: TABLE DATA; Schema: public; Owner: admin
--

COPY public.auth_group_permissions (id, group_id, permission_id) FROM stdin;
\.


--
-- Data for Name: auth_permission; Type: TABLE DATA; Schema: public; Owner: admin
--

COPY public.auth_permission (id, name, content_type_id, codename) FROM stdin;
1	Can add email address	1	add_emailaddress
2	Can change email address	1	change_emailaddress
3	Can delete email address	1	delete_emailaddress
4	Can view email address	1	view_emailaddress
5	Can add email confirmation	2	add_emailconfirmation
6	Can change email confirmation	2	change_emailconfirmation
7	Can delete email confirmation	2	delete_emailconfirmation
8	Can view email confirmation	2	view_emailconfirmation
9	Can add social account	3	add_socialaccount
10	Can change social account	3	change_socialaccount
11	Can delete social account	3	delete_socialaccount
12	Can view social account	3	view_socialaccount
13	Can add social application	4	add_socialapp
14	Can change social application	4	change_socialapp
15	Can delete social application	4	delete_socialapp
16	Can view social application	4	view_socialapp
17	Can add social application token	5	add_socialtoken
18	Can change social application token	5	change_socialtoken
19	Can delete social application token	5	delete_socialtoken
20	Can view social application token	5	view_socialtoken
21	Can add site	6	add_site
22	Can change site	6	change_site
23	Can delete site	6	delete_site
24	Can view site	6	view_site
25	Can add log entry	7	add_logentry
26	Can change log entry	7	change_logentry
27	Can delete log entry	7	delete_logentry
28	Can view log entry	7	view_logentry
29	Can add permission	8	add_permission
30	Can change permission	8	change_permission
31	Can delete permission	8	delete_permission
32	Can view permission	8	view_permission
33	Can add group	9	add_group
34	Can change group	9	change_group
35	Can delete group	9	delete_group
36	Can view group	9	view_group
37	Can add content type	10	add_contenttype
38	Can change content type	10	change_contenttype
39	Can delete content type	10	delete_contenttype
40	Can view content type	10	view_contenttype
41	Can add session	11	add_session
42	Can change session	11	change_session
43	Can delete session	11	delete_session
44	Can view session	11	view_session
45	Can add user	12	add_user
46	Can change user	12	change_user
47	Can delete user	12	delete_user
48	Can view user	12	view_user
49	Can add album	13	add_album
50	Can change album	13	change_album
51	Can delete album	13	delete_album
52	Can view album	13	view_album
53	Can add avatar	14	add_avatar
54	Can change avatar	14	change_avatar
55	Can delete avatar	14	delete_avatar
56	Can view avatar	14	view_avatar
57	Can add comment	15	add_comment
58	Can change comment	15	change_comment
59	Can delete comment	15	delete_comment
60	Can view comment	15	view_comment
61	Can add photo	16	add_photo
62	Can change photo	16	change_photo
63	Can delete photo	16	delete_photo
64	Can view photo	16	view_photo
65	Can add notification	17	add_notification
66	Can change notification	17	change_notification
67	Can delete notification	17	delete_notification
68	Can view notification	17	view_notification
69	Can add like	18	add_like
70	Can change like	18	change_like
71	Can delete like	18	delete_like
72	Can view like	18	view_like
73	Can add favorite	19	add_favorite
74	Can change favorite	19	change_favorite
75	Can delete favorite	19	delete_favorite
76	Can view favorite	19	view_favorite
77	Can add search_history	20	add_search_history
78	Can change search_history	20	change_search_history
79	Can delete search_history	20	delete_search_history
80	Can view search_history	20	view_search_history
81	Can add trash	21	add_trash
82	Can change trash	21	change_trash
83	Can delete trash	21	delete_trash
84	Can view trash	21	view_trash
85	Can add auth token	22	add_authtoken
86	Can change auth token	22	change_authtoken
87	Can delete auth token	22	delete_authtoken
88	Can view auth token	22	view_authtoken
\.


--
-- Data for Name: django_admin_log; Type: TABLE DATA; Schema: public; Owner: admin
--

COPY public.django_admin_log (id, action_time, object_id, object_repr, action_flag, change_message, content_type_id, user_id) FROM stdin;
\.


--
-- Data for Name: django_content_type; Type: TABLE DATA; Schema: public; Owner: admin
--

COPY public.django_content_type (id, app_label, model) FROM stdin;
1	account	emailaddress
2	account	emailconfirmation
3	socialaccount	socialaccount
4	socialaccount	socialapp
5	socialaccount	socialtoken
6	sites	site
7	admin	logentry
8	auth	permission
9	auth	group
10	contenttypes	contenttype
11	sessions	session
12	morisite	user
13	morisite	album
14	morisite	avatar
15	morisite	comment
16	morisite	photo
17	morisite	notification
18	morisite	like
19	morisite	favorite
20	morisite	search_history
21	morisite	trash
22	knox	authtoken
\.


--
-- Data for Name: django_migrations; Type: TABLE DATA; Schema: public; Owner: admin
--

COPY public.django_migrations (id, app, name, applied) FROM stdin;
1	contenttypes	0001_initial	2025-04-23 16:13:57.970587+00
2	contenttypes	0002_remove_content_type_name	2025-04-23 16:13:57.980831+00
3	auth	0001_initial	2025-04-23 16:13:58.063787+00
4	auth	0002_alter_permission_name_max_length	2025-04-23 16:13:58.071182+00
5	auth	0003_alter_user_email_max_length	2025-04-23 16:13:58.075772+00
6	auth	0004_alter_user_username_opts	2025-04-23 16:13:58.08014+00
7	auth	0005_alter_user_last_login_null	2025-04-23 16:13:58.084589+00
8	auth	0006_require_contenttypes_0002	2025-04-23 16:13:58.086248+00
9	auth	0007_alter_validators_add_error_messages	2025-04-23 16:13:58.09096+00
10	auth	0008_alter_user_username_max_length	2025-04-23 16:13:58.095604+00
11	auth	0009_alter_user_last_name_max_length	2025-04-23 16:13:58.099944+00
12	auth	0010_alter_group_name_max_length	2025-04-23 16:13:58.107765+00
13	auth	0011_update_proxy_permissions	2025-04-23 16:13:58.111972+00
14	auth	0012_alter_user_first_name_max_length	2025-04-23 16:13:58.116333+00
15	morisite	0001_initial	2025-04-23 16:13:58.465707+00
16	account	0001_initial	2025-04-23 16:13:58.542718+00
17	account	0002_email_max_length	2025-04-23 16:13:58.558569+00
18	account	0003_alter_emailaddress_create_unique_verified_email	2025-04-23 16:13:58.58503+00
19	account	0004_alter_emailaddress_drop_unique_email	2025-04-23 16:13:58.611374+00
20	account	0005_emailaddress_idx_upper_email	2025-04-23 16:13:58.630771+00
21	account	0006_emailaddress_lower	2025-04-23 16:13:58.653666+00
22	account	0007_emailaddress_idx_email	2025-04-23 16:13:58.679848+00
23	account	0008_emailaddress_unique_primary_email_fixup	2025-04-23 16:13:58.703152+00
24	account	0009_emailaddress_unique_primary_email	2025-04-23 16:13:58.717382+00
25	admin	0001_initial	2025-04-23 16:13:58.760315+00
26	admin	0002_logentry_remove_auto_add	2025-04-23 16:13:58.772671+00
27	admin	0003_logentry_add_action_flag_choices	2025-04-23 16:13:58.784669+00
28	knox	0001_initial	2025-04-23 16:13:58.820124+00
29	knox	0002_auto_20150916_1425	2025-04-23 16:13:58.868723+00
30	knox	0003_auto_20150916_1526	2025-04-23 16:13:58.892509+00
31	knox	0004_authtoken_expires	2025-04-23 16:13:58.903653+00
32	knox	0005_authtoken_token_key	2025-04-23 16:13:58.92295+00
33	knox	0006_auto_20160818_0932	2025-04-23 16:13:58.963385+00
34	knox	0007_auto_20190111_0542	2025-04-23 16:13:58.975205+00
35	knox	0008_remove_authtoken_salt	2025-04-23 16:13:58.987071+00
36	knox	0009_extend_authtoken_field	2025-04-23 16:13:59.007645+00
37	sessions	0001_initial	2025-04-23 16:13:59.029433+00
38	sites	0001_initial	2025-04-23 16:13:59.039453+00
39	sites	0002_alter_domain_unique	2025-04-23 16:13:59.05004+00
40	socialaccount	0001_initial	2025-04-23 16:13:59.195723+00
41	socialaccount	0002_token_max_lengths	2025-04-23 16:13:59.225198+00
42	socialaccount	0003_extra_data_default_dict	2025-04-23 16:13:59.238709+00
43	socialaccount	0004_app_provider_id_settings	2025-04-23 16:13:59.263657+00
44	socialaccount	0005_socialtoken_nullable_app	2025-04-23 16:13:59.288889+00
45	socialaccount	0006_alter_socialaccount_extra_data	2025-04-23 16:13:59.324876+00
\.


--
-- Data for Name: django_session; Type: TABLE DATA; Schema: public; Owner: admin
--

COPY public.django_session (session_key, session_data, expire_date) FROM stdin;
jb1fobb7zsb5y0hmbc72qm5rx1xwn05l	.eJxVjDsOwyAQBe9CHSEswLukTJ8zINhdYicRSP5UVu4eW3KRtDPz3qZiWpchrrNMcWR1VU5dfllO9JJ6CH6m-miaWl2mMesj0aed9b2xvG9n-3cwpHnY1xAsAwNCZ0GCeAzZs-ViEHqHgIRJqHM9WiK_I-Ogp1CoJBeCGKc-X8uTN1Y:1u7WmV:MdALbD_O7Lcy6zzFSH0c-4FEsFFou2CHyCBcthI3sNI	2025-05-07 09:52:39.324195+00
pzkii7hhyuis9ecylu2m2lwb20gxyj6v	.eJxVjDsOwyAQBe9CHSEswLukTJ8zINhdYicRSP5UVu4eW3KRtDPz3qZiWpchrrNMcWR1VU5dfllO9JJ6CH6m-miaWl2mMesj0aed9b2xvG9n-3cwpHnY1xAsAwNCZ0GCeAzZs-ViEHqHgIRJqHM9WiK_I-Ogp1CoJBeCGKc-X8uTN1Y:1u7WqJ:AVUhVl5kyxD0wPD0MHcPwPTmEO-o9rF9TtLc5FRSSvc	2025-05-07 09:56:35.230437+00
\.


--
-- Data for Name: django_site; Type: TABLE DATA; Schema: public; Owner: admin
--

COPY public.django_site (id, domain, name) FROM stdin;
1	example.com	example.com
\.


--
-- Data for Name: knox_authtoken; Type: TABLE DATA; Schema: public; Owner: admin
--

COPY public.knox_authtoken (digest, created, user_id, expiry, token_key) FROM stdin;
45bc26ed7b49b89512d9850b6553d21fb481efec0e4f167d2a360519f3f76c2d4816942fb18cf6cd6af6b8786f17cab06fd916420614f9c7086398bc95ef2e16	2025-04-23 09:34:02.208332+00	1	2025-04-24 09:34:02.208332+00	c58dfb27d82f8c4
fc89db686c503246db2e26809710e3ada6054da38855f943bd498492de00b9a91df1d29a3b765075626789e55c6207ff6ec95e755fbfca8f3d9f13b2ec768272	2025-04-23 09:35:05.547586+00	1	2025-04-24 09:35:05.546585+00	bacd6a2a827c52b
ae62468550d45e8ee4e90e400bb51776273f3efff4fd2b89e3ddfd4637decc2d37712d65d5011beb461604c26e84ee8d4f8b9a5429ff87c040f1fcc0309de3e2	2025-04-23 09:35:45.788683+00	2	2025-04-24 09:35:45.788683+00	40f6db3e515854e
4ce5d79f65f5e552b2b690e60bebf4604381fcc95772aaf2517fe5903f0f35dbf649d1adf6fb8c074774f9b5cddf7ef026be15a9a1408ff070688209adef7231	2025-04-23 09:36:18.86088+00	2	2025-04-24 09:36:18.86088+00	e5f0b2bf7a42387
21683471302fdafce8d6b4bd25b99d2922e7d571f3c5955748c970a7467019a0f0ff3ebb6417dba8d583c7941a461661323c789fac07e5354b4f93508bc4eadd	2025-04-23 09:43:33.565077+00	3	2025-04-24 09:43:33.565077+00	a4c196799d72f1f
43352efc20f55a2a7280723084da4209e1881f5d0144e6941ddd8286af25a361fa69669ec71667d26a73361f413cdfd04345c36b7f4610f64bdd52b396d190bd	2025-04-23 09:43:44.447623+00	3	2025-04-24 09:43:44.446621+00	bbced88d48141f4
9cc074a109bc2418d1b779c39b75f63f5964f020cc838b83ff19d1e96518dbc133aff16fcd4e312855a5a55e8b863c5e92465da794cd41aa39fdd101e7b9df0c	2025-04-23 09:52:25.511729+00	4	2025-04-24 09:52:25.510727+00	442a8991c2b61c9
6d7bcffd111088920fb9ff136d5541a1a91382f347c99c92a561645a5ab448cf19f761d5b1ff4eda836a122c6d41b40ece05c129a5b90acf0d3a424267ad4d86	2025-04-23 09:52:39.319192+00	4	2025-04-24 09:52:39.319192+00	b7ff28290d69092
1038c15e1b7b5b9dda88d7956e26a8fe838196a525465f1b7d98074c10a999e63d71d861b161817d11ad037a2f7133d5b1726a67cd4eb0d0f74281af4d085337	2025-04-23 09:56:35.227722+00	4	2025-04-24 09:56:35.227722+00	25c8fc451960004
\.


--
-- Data for Name: morisite_album; Type: TABLE DATA; Schema: public; Owner: admin
--

COPY public.morisite_album (id_album, title, description, is_main, created_at, updated_at, user_id) FROM stdin;
1	Tß║Ñt cß║ú		t	2025-04-23 09:31:34.049356+00	2025-04-23 09:31:34.049356+00	1
2	Tß║Ñt cß║ú		t	2025-04-23 09:35:45.777663+00	2025-04-23 09:35:45.777663+00	2
3	Tß║Ñt cß║ú		t	2025-04-23 09:43:33.553077+00	2025-04-23 09:43:33.553077+00	3
4	Tß║Ñt cß║ú		t	2025-04-23 09:52:25.501729+00	2025-04-23 09:52:25.501729+00	4
\.


--
-- Data for Name: morisite_avatar; Type: TABLE DATA; Schema: public; Owner: admin
--

COPY public.morisite_avatar (id_avatar, avatar, updated_at, user_id) FROM stdin;
1	avatar/default_image/default.jpg	2025-04-23 09:31:34.069348+00	1
2	avatar/default_image/default.jpg	2025-04-23 09:35:45.780663+00	2
3	avatar/213a5222613e0f81ecb258806d975aa1.jpg	2025-04-23 09:50:09.150306+00	3
4	avatar/ANI_-_073.jpg	2025-04-23 09:52:51.272296+00	4
\.


--
-- Data for Name: morisite_comment; Type: TABLE DATA; Schema: public; Owner: admin
--

COPY public.morisite_comment (id_comment, like_count, content, created_at, updated_at, liked_by, parent_comment_id, user_id, photo_id) FROM stdin;
1	0	ß║únh n├áy ─æß║╣p dß╗» bß║ín chß╗Ñp ß╗ƒ bß║»c hay nam cß╗▒c ─æ├│	2025-04-23 09:59:59.458209+00	2025-04-23 09:59:59.458209+00	[]	\N	4	20
\.


--
-- Data for Name: morisite_favorite; Type: TABLE DATA; Schema: public; Owner: admin
--

COPY public.morisite_favorite (id_favorite, note, updated_at, created_at, photo_id) FROM stdin;
\.


--
-- Data for Name: morisite_like; Type: TABLE DATA; Schema: public; Owner: admin
--

COPY public.morisite_like (id_like, updated_at, created_at, user_id, photo_id) FROM stdin;
\.


--
-- Data for Name: morisite_notification; Type: TABLE DATA; Schema: public; Owner: admin
--

COPY public.morisite_notification (id_notification, notif_type, message, created_at, comment_id, recipient_id, sender_id, photo_id) FROM stdin;
1	comment_photo	meta ─æ├ú b├¼nh luß║¡n ß║únh cß╗ºa bß║ín.	2025-04-23 09:59:59.479728+00	1	3	4	20
\.


--
-- Data for Name: morisite_photo; Type: TABLE DATA; Schema: public; Owner: admin
--

COPY public.morisite_photo (id_photo, name, location, caption, tags, colors, objects_photo, description, photo, is_favorited, is_deleted, is_public, like_count, faiss_id, faiss_id_public, created_at, updated_at, album_id) FROM stdin;
23								photo/ANI_-_073.jpg	f	f	t	0	7	22	2025-04-23 09:48:51.979768+00	2025-04-23 09:49:27.690264+00	3
19								photo/anh_dong_vat_3.jpg	f	f	t	0	3	18	2025-04-23 09:48:43.581145+00	2025-04-23 09:49:29.664778+00	3
13								photo/CPqWE5yi9cicUcicqux8m6f3BCHlq0l5fSFqbmBPN-M2PA33z_a5WwTICa2OafvnHtE01kP-wzErNQFRnJ_oslYVtD.png	f	f	f	0	12	12	2025-04-23 09:41:03.67263+00	2025-04-23 09:41:05.755452+00	2
46								photo/quan-niem-trai-cay-nong-mat_thumb.jpg	f	f	t	0	14	45	2025-04-23 09:57:36.309708+00	2025-04-23 09:59:05.226331+00	4
14								photo/E1BAA2nh-siC3AAu-xe-Lamborghini-C491E1BAB9p-scaled_vLNaJjs.jpg	f	f	f	0	13	13	2025-04-23 09:41:05.755452+00	2025-04-23 09:41:07.956239+00	2
20								photo/anh-chup-man-hinh-2024-09-26-144119.jpg	f	f	t	0	4	19	2025-04-23 09:48:45.605155+00	2025-04-23 09:49:31.320834+00	3
28								photo/hinh-anh-con-vat-5.jpg	f	f	t	0	12	27	2025-04-23 09:49:02.022636+00	2025-04-23 09:49:33.095869+00	3
15								photo/images_T9uCkEI.jpg	f	f	f	0	14	14	2025-04-23 09:41:07.956239+00	2025-04-23 09:41:10.04876+00	2
10								photo/99-hinh-anh-xe-do-drag-dep-nhat-tai-anh-xe-do-drag-ngau-1-1024x1024.jpg	f	f	t	0	9	9	2025-04-23 09:40:57.379187+00	2025-04-23 09:41:18.594848+00	2
4								photo/bmw-mau-hong_VnEPVhQ.jpg	f	t	f	0	3	3	2025-04-23 09:38:44.789313+00	2025-04-23 09:38:47.87258+00	2
12								photo/99-hinh-anh-xe-do-va-gai-dep-cuc-chat-moi-nhat-2180-12.jpg	f	f	t	0	11	11	2025-04-23 09:41:01.634818+00	2025-04-23 09:41:20.819736+00	2
22								photo/anh-mo-ta.jpg	f	f	t	0	6	21	2025-04-23 09:48:49.888632+00	2025-04-23 09:49:35.142753+00	3
16								photo/5-1646708116-5472.jpg	f	f	f	0	0	15	2025-04-23 09:48:37.256504+00	2025-04-23 09:48:39.449641+00	3
6								photo/CPqWE5yi9cicUcicqux8m6f3BCHlq0l5fSFqbmBPN-M2PA33z_a5WwTICa2OafvnHtE01kP-wzErNQFRnJ_AdyoLGT.png	f	f	f	0	5	5	2025-04-23 09:39:32.216444+00	2025-04-23 09:39:34.364393+00	2
24								photo/con-vat-de-thuong-10.jpg	f	f	t	0	8	23	2025-04-23 09:48:53.990732+00	2025-04-23 09:50:28.406363+00	3
7								photo/h7-1511154587424.jpg	f	f	f	0	6	6	2025-04-23 09:39:34.368473+00	2025-04-23 09:39:36.410426+00	2
8								photo/HC3ACnh-siC3AAu-xe-Lamborghini-cE1BBB1c-C491E1BAB9p-scaled_lulOsQR.jpg	f	f	f	0	7	7	2025-04-23 09:39:36.413903+00	2025-04-23 09:39:38.542201+00	2
45								photo/nhung-loai-trai-cay-tot-cho-nguoi-tap-the-hinh.jpg	f	f	t	0	13	44	2025-04-23 09:57:34.344346+00	2025-04-23 09:58:12.952801+00	4
5								photo/European-Sport-Car-12-91098.webp	f	f	t	0	4	4	2025-04-23 09:39:02.654284+00	2025-04-23 09:39:52.528854+00	2
9								photo/xe-vung-tau-bien-hoa-dong-nai-5.jpg	f	f	t	0	8	8	2025-04-23 09:39:38.542201+00	2025-04-23 09:39:55.782156+00	2
2								photo/49932658111_30214a4229_b.jpg	f	f	t	0	1	1	2025-04-23 09:37:48.07313+00	2025-04-23 09:40:00.11717+00	2
1								photo/7e946a9d1648dad5ab3705cb8c6649d4_lboNy0J.jpg	f	f	t	0	0	0	2025-04-23 09:37:27.955852+00	2025-04-23 09:40:01.590573+00	2
3								photo/bmw-mau-hong_9zHaMQy.jpg	f	f	t	0	2	2	2025-04-23 09:38:28.52346+00	2025-04-23 09:40:03.612369+00	2
18								photo/213a5222613e0f81ecb258806d975aa1.jpg	f	f	f	0	2	17	2025-04-23 09:48:41.468782+00	2025-04-23 09:48:43.581145+00	3
32								photo/7f916ded027eef14543550b385a4306cqua-cam-1.jpg	f	f	f	0	0	31	2025-04-23 09:57:07.836971+00	2025-04-23 09:57:10.069396+00	4
11								photo/99-hinh-anh-xe-do-va-gai-dep-cuc-chat-moi-nhat-2180-1.png	f	f	f	0	10	10	2025-04-23 09:40:59.545254+00	2025-04-23 09:41:01.634818+00	2
50								photo/cong-dung-bat-ngo-cua-trai-oi-4105-5176-1553746430_PzN5uLQ.png	f	f	f	0	18	49	2025-04-23 09:58:41.097621+00	2025-04-23 09:58:43.199758+00	4
36								photo/an-qua-nhieu-trai-cay-khong-tot-nhung-an-5-loai-qua-nay-cang-nhieu-cang-tot-cho-su_KBPKuoJ.jpg	f	f	t	0	4	35	2025-04-23 09:57:16.277408+00	2025-04-23 09:58:58.212176+00	4
38								photo/cac-loai-trai-cay-tot-cho-tieu-hoa-cua-be-1.jpg	f	f	t	0	6	37	2025-04-23 09:57:20.331064+00	2025-04-23 09:58:14.393775+00	4
49								photo/trai-cay-tot-cho-suc-khoe-ngay-nang-nong-2-16833362785881800724341.png	f	f	t	0	17	48	2025-04-23 09:57:42.253853+00	2025-04-23 09:59:01.52827+00	4
29								photo/hinh-anh-con-vat-16.jpg	f	f	f	0	13	28	2025-04-23 09:49:04.010088+00	2025-04-23 09:49:05.952709+00	3
47								photo/tao-ninh-thuan-09-11kg_202504121401474919.jpg	f	f	t	0	15	46	2025-04-23 09:57:38.296828+00	2025-04-23 09:59:03.169808+00	4
30								photo/hinh-anh-con-vat-18.jpg	f	f	f	0	14	29	2025-04-23 09:49:05.952709+00	2025-04-23 09:49:07.961087+00	3
31								photo/photo-9-1670820212992811034722.jpg	f	f	f	0	15	30	2025-04-23 09:49:07.961087+00	2025-04-23 09:49:09.962457+00	3
25								photo/f2aa5275995e635770b24333fc1a48a3.jpg	f	f	t	0	9	24	2025-04-23 09:48:56.015755+00	2025-04-23 09:49:16.420076+00	3
27								photo/hinh-anh-con-cho-cho-be-nhan-biet_093453721.jpg	f	f	t	0	11	26	2025-04-23 09:49:00.074278+00	2025-04-23 09:49:18.56201+00	3
26								photo/g1-1652023836423.jpg	f	f	t	0	10	25	2025-04-23 09:48:58.06959+00	2025-04-23 09:49:20.334675+00	3
17								photo/177f1c13f0d2b0b8c96a462d4770978a.jpg	f	f	t	0	1	16	2025-04-23 09:48:39.449641+00	2025-04-23 09:49:21.571095+00	3
21								photo/anh-dong-vat-73.jpg	f	f	t	0	5	20	2025-04-23 09:48:47.782269+00	2025-04-23 09:49:23.373048+00	3
35								photo/4141_vYi.jpg	f	f	t	0	3	34	2025-04-23 09:57:14.190105+00	2025-04-23 09:59:07.473939+00	4
41								photo/dua-hau.jpg	f	f	f	0	9	40	2025-04-23 09:57:26.328175+00	2025-04-23 09:57:28.369159+00	4
44								photo/nhung-loai-trai-cay-rat-ghet-tu-lanh2.jpg	f	f	f	0	12	43	2025-04-23 09:57:32.364619+00	2025-04-23 09:57:34.337788+00	4
34								photo/12-loai-trai-cay-tot-cho-tre-an-dam.jpg	f	f	t	0	2	33	2025-04-23 09:57:12.15259+00	2025-04-23 09:58:18.794041+00	4
39								photo/cong-dung-bat-ngo-cua-trai-oi-4105-5176-1553746430.png	f	f	t	0	7	38	2025-04-23 09:57:22.273566+00	2025-04-23 09:58:20.494603+00	4
48								photo/top-8-loai-trai-cay-thom-ngon-mat-bo-lai-giup-dep-da-2.jpg	f	f	t	0	16	47	2025-04-23 09:57:40.316289+00	2025-04-23 09:59:09.219865+00	4
42								photo/images-motthegioi-vn_nhan-co-tinh-nong-nen-co-the-khien-cho-da-ban-bi-mun_wqvu.jpg	f	f	t	0	10	41	2025-04-23 09:57:28.369159+00	2025-04-23 09:58:25.313965+00	4
40								photo/dau-tay_1.jpg	f	f	t	0	8	39	2025-04-23 09:57:24.331811+00	2025-04-23 09:59:10.978272+00	4
37								photo/cach-chon-hoa-qua-phu-hop-trong-che-do-an-uong-han-che-duong-1-768x483-1.jpg	f	f	t	0	5	36	2025-04-23 09:57:18.323193+00	2025-04-23 09:58:11.685672+00	4
43								photo/khe.jpeg	f	f	t	0	11	42	2025-04-23 09:57:30.296364+00	2025-04-23 09:59:12.577878+00	4
33								photo/10-loai-trai-cay-cap-cuu-khi-bi-benh1.jpg	f	f	t	0	1	32	2025-04-23 09:57:10.069396+00	2025-04-23 09:59:14.140117+00	4
\.


--
-- Data for Name: morisite_search_history; Type: TABLE DATA; Schema: public; Owner: admin
--

COPY public.morisite_search_history (id_search_history, search_query, search_type, search_date, liked_images, created_at, user_id) FROM stdin;
\.


--
-- Data for Name: morisite_trash; Type: TABLE DATA; Schema: public; Owner: admin
--

COPY public.morisite_trash (id_trash, deleted_at, created_at, photo_id, user_id) FROM stdin;
1	2025-04-23 09:38:47.87558+00	2025-04-23 09:38:47.858578+00	4	2
\.


--
-- Data for Name: morisite_user; Type: TABLE DATA; Schema: public; Owner: admin
--

COPY public.morisite_user (password, last_login, is_superuser, id_user, name, email, created_at, updated_at, is_email, is_active, is_staff) FROM stdin;
pbkdf2_sha256$870000$SjHeJRlBEWBWfPhohbO4mK$R4Iipn/kdnHICRkQNL3W0FZJ3BT+aq3MtHtbXg0AYPo=	2025-04-23 09:35:05.536581+00	t	1	mori	mori@gmail.com	2025-04-23 09:31:34.016099+00	2025-04-23 09:31:34.016099+00	f	t	t
pbkdf2_sha256$870000$Y24mp0OnkFJnWp8Pp6rATi$0ZqpVpiTrV2A119RaHzQC9fOg1DNAdvzrn5fwF/iPGI=	2025-04-23 09:36:18.85888+00	f	2	huy dep trai	huy@gmail.com	2025-04-23 09:35:45.767662+00	2025-04-23 09:35:45.767662+00	f	t	f
pbkdf2_sha256$870000$Vn2RHTcQoRfjtFgYQyEW2E$mcmqkbitECvNiIU0gRACCs5W1wm+u+Kx6IaaJde2lhQ=	2025-04-23 09:43:44.44562+00	f	3	Dien dep trai	dien@gmail.com	2025-04-23 09:43:33.542081+00	2025-04-23 09:43:33.542081+00	f	t	f
pbkdf2_sha256$870000$NMOK7OvlksOoXWvpwwNQTO$po6GXOnpbvXeNhEVhneIK8Ie5ADGr2CE/qoaPnNtapk=	2025-04-23 09:56:35.223757+00	f	4	meta	meta@gmail.com	2025-04-23 09:52:25.491812+00	2025-04-23 09:52:25.491812+00	f	t	f
\.


--
-- Data for Name: morisite_user_groups; Type: TABLE DATA; Schema: public; Owner: admin
--

COPY public.morisite_user_groups (id, user_id, group_id) FROM stdin;
\.


--
-- Data for Name: morisite_user_user_permissions; Type: TABLE DATA; Schema: public; Owner: admin
--

COPY public.morisite_user_user_permissions (id, user_id, permission_id) FROM stdin;
\.


--
-- Data for Name: socialaccount_socialaccount; Type: TABLE DATA; Schema: public; Owner: admin
--

COPY public.socialaccount_socialaccount (id, provider, uid, last_login, date_joined, extra_data, user_id) FROM stdin;
\.


--
-- Data for Name: socialaccount_socialapp; Type: TABLE DATA; Schema: public; Owner: admin
--

COPY public.socialaccount_socialapp (id, provider, name, client_id, secret, key, provider_id, settings) FROM stdin;
\.


--
-- Data for Name: socialaccount_socialapp_sites; Type: TABLE DATA; Schema: public; Owner: admin
--

COPY public.socialaccount_socialapp_sites (id, socialapp_id, site_id) FROM stdin;
\.


--
-- Data for Name: socialaccount_socialtoken; Type: TABLE DATA; Schema: public; Owner: admin
--

COPY public.socialaccount_socialtoken (id, token, token_secret, expires_at, account_id, app_id) FROM stdin;
\.


--
-- Name: account_emailaddress_id_seq; Type: SEQUENCE SET; Schema: public; Owner: admin
--

SELECT pg_catalog.setval('public.account_emailaddress_id_seq', 1, false);


--
-- Name: account_emailconfirmation_id_seq; Type: SEQUENCE SET; Schema: public; Owner: admin
--

SELECT pg_catalog.setval('public.account_emailconfirmation_id_seq', 1, false);


--
-- Name: auth_group_id_seq; Type: SEQUENCE SET; Schema: public; Owner: admin
--

SELECT pg_catalog.setval('public.auth_group_id_seq', 1, false);


--
-- Name: auth_group_permissions_id_seq; Type: SEQUENCE SET; Schema: public; Owner: admin
--

SELECT pg_catalog.setval('public.auth_group_permissions_id_seq', 1, false);


--
-- Name: auth_permission_id_seq; Type: SEQUENCE SET; Schema: public; Owner: admin
--

SELECT pg_catalog.setval('public.auth_permission_id_seq', 88, true);


--
-- Name: django_admin_log_id_seq; Type: SEQUENCE SET; Schema: public; Owner: admin
--

SELECT pg_catalog.setval('public.django_admin_log_id_seq', 1, false);


--
-- Name: django_content_type_id_seq; Type: SEQUENCE SET; Schema: public; Owner: admin
--

SELECT pg_catalog.setval('public.django_content_type_id_seq', 22, true);


--
-- Name: django_migrations_id_seq; Type: SEQUENCE SET; Schema: public; Owner: admin
--

SELECT pg_catalog.setval('public.django_migrations_id_seq', 45, true);


--
-- Name: django_site_id_seq; Type: SEQUENCE SET; Schema: public; Owner: admin
--

SELECT pg_catalog.setval('public.django_site_id_seq', 1, true);


--
-- Name: morisite_album_id_album_seq; Type: SEQUENCE SET; Schema: public; Owner: admin
--

SELECT pg_catalog.setval('public.morisite_album_id_album_seq', 4, true);


--
-- Name: morisite_avatar_id_avatar_seq; Type: SEQUENCE SET; Schema: public; Owner: admin
--

SELECT pg_catalog.setval('public.morisite_avatar_id_avatar_seq', 4, true);


--
-- Name: morisite_comment_id_comment_seq; Type: SEQUENCE SET; Schema: public; Owner: admin
--

SELECT pg_catalog.setval('public.morisite_comment_id_comment_seq', 1, true);


--
-- Name: morisite_favorite_id_favorite_seq; Type: SEQUENCE SET; Schema: public; Owner: admin
--

SELECT pg_catalog.setval('public.morisite_favorite_id_favorite_seq', 1, false);


--
-- Name: morisite_like_id_like_seq; Type: SEQUENCE SET; Schema: public; Owner: admin
--

SELECT pg_catalog.setval('public.morisite_like_id_like_seq', 1, false);


--
-- Name: morisite_notification_id_notification_seq; Type: SEQUENCE SET; Schema: public; Owner: admin
--

SELECT pg_catalog.setval('public.morisite_notification_id_notification_seq', 1, true);


--
-- Name: morisite_photo_id_photo_seq; Type: SEQUENCE SET; Schema: public; Owner: admin
--

SELECT pg_catalog.setval('public.morisite_photo_id_photo_seq', 50, true);


--
-- Name: morisite_search_history_id_search_history_seq; Type: SEQUENCE SET; Schema: public; Owner: admin
--

SELECT pg_catalog.setval('public.morisite_search_history_id_search_history_seq', 1, false);


--
-- Name: morisite_trash_id_trash_seq; Type: SEQUENCE SET; Schema: public; Owner: admin
--

SELECT pg_catalog.setval('public.morisite_trash_id_trash_seq', 1, true);


--
-- Name: morisite_user_groups_id_seq; Type: SEQUENCE SET; Schema: public; Owner: admin
--

SELECT pg_catalog.setval('public.morisite_user_groups_id_seq', 1, false);


--
-- Name: morisite_user_id_user_seq; Type: SEQUENCE SET; Schema: public; Owner: admin
--

SELECT pg_catalog.setval('public.morisite_user_id_user_seq', 4, true);


--
-- Name: morisite_user_user_permissions_id_seq; Type: SEQUENCE SET; Schema: public; Owner: admin
--

SELECT pg_catalog.setval('public.morisite_user_user_permissions_id_seq', 1, false);


--
-- Name: socialaccount_socialaccount_id_seq; Type: SEQUENCE SET; Schema: public; Owner: admin
--

SELECT pg_catalog.setval('public.socialaccount_socialaccount_id_seq', 1, false);


--
-- Name: socialaccount_socialapp_id_seq; Type: SEQUENCE SET; Schema: public; Owner: admin
--

SELECT pg_catalog.setval('public.socialaccount_socialapp_id_seq', 1, false);


--
-- Name: socialaccount_socialapp_sites_id_seq; Type: SEQUENCE SET; Schema: public; Owner: admin
--

SELECT pg_catalog.setval('public.socialaccount_socialapp_sites_id_seq', 1, false);


--
-- Name: socialaccount_socialtoken_id_seq; Type: SEQUENCE SET; Schema: public; Owner: admin
--

SELECT pg_catalog.setval('public.socialaccount_socialtoken_id_seq', 1, false);


--
-- Name: account_emailaddress account_emailaddress_pkey; Type: CONSTRAINT; Schema: public; Owner: admin
--

ALTER TABLE ONLY public.account_emailaddress
    ADD CONSTRAINT account_emailaddress_pkey PRIMARY KEY (id);


--
-- Name: account_emailaddress account_emailaddress_user_id_email_987c8728_uniq; Type: CONSTRAINT; Schema: public; Owner: admin
--

ALTER TABLE ONLY public.account_emailaddress
    ADD CONSTRAINT account_emailaddress_user_id_email_987c8728_uniq UNIQUE (user_id, email);


--
-- Name: account_emailconfirmation account_emailconfirmation_key_key; Type: CONSTRAINT; Schema: public; Owner: admin
--

ALTER TABLE ONLY public.account_emailconfirmation
    ADD CONSTRAINT account_emailconfirmation_key_key UNIQUE (key);


--
-- Name: account_emailconfirmation account_emailconfirmation_pkey; Type: CONSTRAINT; Schema: public; Owner: admin
--

ALTER TABLE ONLY public.account_emailconfirmation
    ADD CONSTRAINT account_emailconfirmation_pkey PRIMARY KEY (id);


--
-- Name: auth_group auth_group_name_key; Type: CONSTRAINT; Schema: public; Owner: admin
--

ALTER TABLE ONLY public.auth_group
    ADD CONSTRAINT auth_group_name_key UNIQUE (name);


--
-- Name: auth_group_permissions auth_group_permissions_group_id_permission_id_0cd325b0_uniq; Type: CONSTRAINT; Schema: public; Owner: admin
--

ALTER TABLE ONLY public.auth_group_permissions
    ADD CONSTRAINT auth_group_permissions_group_id_permission_id_0cd325b0_uniq UNIQUE (group_id, permission_id);


--
-- Name: auth_group_permissions auth_group_permissions_pkey; Type: CONSTRAINT; Schema: public; Owner: admin
--

ALTER TABLE ONLY public.auth_group_permissions
    ADD CONSTRAINT auth_group_permissions_pkey PRIMARY KEY (id);


--
-- Name: auth_group auth_group_pkey; Type: CONSTRAINT; Schema: public; Owner: admin
--

ALTER TABLE ONLY public.auth_group
    ADD CONSTRAINT auth_group_pkey PRIMARY KEY (id);


--
-- Name: auth_permission auth_permission_content_type_id_codename_01ab375a_uniq; Type: CONSTRAINT; Schema: public; Owner: admin
--

ALTER TABLE ONLY public.auth_permission
    ADD CONSTRAINT auth_permission_content_type_id_codename_01ab375a_uniq UNIQUE (content_type_id, codename);


--
-- Name: auth_permission auth_permission_pkey; Type: CONSTRAINT; Schema: public; Owner: admin
--

ALTER TABLE ONLY public.auth_permission
    ADD CONSTRAINT auth_permission_pkey PRIMARY KEY (id);


--
-- Name: django_admin_log django_admin_log_pkey; Type: CONSTRAINT; Schema: public; Owner: admin
--

ALTER TABLE ONLY public.django_admin_log
    ADD CONSTRAINT django_admin_log_pkey PRIMARY KEY (id);


--
-- Name: django_content_type django_content_type_app_label_model_76bd3d3b_uniq; Type: CONSTRAINT; Schema: public; Owner: admin
--

ALTER TABLE ONLY public.django_content_type
    ADD CONSTRAINT django_content_type_app_label_model_76bd3d3b_uniq UNIQUE (app_label, model);


--
-- Name: django_content_type django_content_type_pkey; Type: CONSTRAINT; Schema: public; Owner: admin
--

ALTER TABLE ONLY public.django_content_type
    ADD CONSTRAINT django_content_type_pkey PRIMARY KEY (id);


--
-- Name: django_migrations django_migrations_pkey; Type: CONSTRAINT; Schema: public; Owner: admin
--

ALTER TABLE ONLY public.django_migrations
    ADD CONSTRAINT django_migrations_pkey PRIMARY KEY (id);


--
-- Name: django_session django_session_pkey; Type: CONSTRAINT; Schema: public; Owner: admin
--

ALTER TABLE ONLY public.django_session
    ADD CONSTRAINT django_session_pkey PRIMARY KEY (session_key);


--
-- Name: django_site django_site_domain_a2e37b91_uniq; Type: CONSTRAINT; Schema: public; Owner: admin
--

ALTER TABLE ONLY public.django_site
    ADD CONSTRAINT django_site_domain_a2e37b91_uniq UNIQUE (domain);


--
-- Name: django_site django_site_pkey; Type: CONSTRAINT; Schema: public; Owner: admin
--

ALTER TABLE ONLY public.django_site
    ADD CONSTRAINT django_site_pkey PRIMARY KEY (id);


--
-- Name: knox_authtoken knox_authtoken_pkey; Type: CONSTRAINT; Schema: public; Owner: admin
--

ALTER TABLE ONLY public.knox_authtoken
    ADD CONSTRAINT knox_authtoken_pkey PRIMARY KEY (digest);


--
-- Name: morisite_album morisite_album_pkey; Type: CONSTRAINT; Schema: public; Owner: admin
--

ALTER TABLE ONLY public.morisite_album
    ADD CONSTRAINT morisite_album_pkey PRIMARY KEY (id_album);


--
-- Name: morisite_avatar morisite_avatar_pkey; Type: CONSTRAINT; Schema: public; Owner: admin
--

ALTER TABLE ONLY public.morisite_avatar
    ADD CONSTRAINT morisite_avatar_pkey PRIMARY KEY (id_avatar);


--
-- Name: morisite_avatar morisite_avatar_user_id_key; Type: CONSTRAINT; Schema: public; Owner: admin
--

ALTER TABLE ONLY public.morisite_avatar
    ADD CONSTRAINT morisite_avatar_user_id_key UNIQUE (user_id);


--
-- Name: morisite_comment morisite_comment_pkey; Type: CONSTRAINT; Schema: public; Owner: admin
--

ALTER TABLE ONLY public.morisite_comment
    ADD CONSTRAINT morisite_comment_pkey PRIMARY KEY (id_comment);


--
-- Name: morisite_favorite morisite_favorite_pkey; Type: CONSTRAINT; Schema: public; Owner: admin
--

ALTER TABLE ONLY public.morisite_favorite
    ADD CONSTRAINT morisite_favorite_pkey PRIMARY KEY (id_favorite);


--
-- Name: morisite_like morisite_like_pkey; Type: CONSTRAINT; Schema: public; Owner: admin
--

ALTER TABLE ONLY public.morisite_like
    ADD CONSTRAINT morisite_like_pkey PRIMARY KEY (id_like);


--
-- Name: morisite_notification morisite_notification_pkey; Type: CONSTRAINT; Schema: public; Owner: admin
--

ALTER TABLE ONLY public.morisite_notification
    ADD CONSTRAINT morisite_notification_pkey PRIMARY KEY (id_notification);


--
-- Name: morisite_photo morisite_photo_pkey; Type: CONSTRAINT; Schema: public; Owner: admin
--

ALTER TABLE ONLY public.morisite_photo
    ADD CONSTRAINT morisite_photo_pkey PRIMARY KEY (id_photo);


--
-- Name: morisite_search_history morisite_search_history_pkey; Type: CONSTRAINT; Schema: public; Owner: admin
--

ALTER TABLE ONLY public.morisite_search_history
    ADD CONSTRAINT morisite_search_history_pkey PRIMARY KEY (id_search_history);


--
-- Name: morisite_trash morisite_trash_pkey; Type: CONSTRAINT; Schema: public; Owner: admin
--

ALTER TABLE ONLY public.morisite_trash
    ADD CONSTRAINT morisite_trash_pkey PRIMARY KEY (id_trash);


--
-- Name: morisite_user morisite_user_email_key; Type: CONSTRAINT; Schema: public; Owner: admin
--

ALTER TABLE ONLY public.morisite_user
    ADD CONSTRAINT morisite_user_email_key UNIQUE (email);


--
-- Name: morisite_user_groups morisite_user_groups_pkey; Type: CONSTRAINT; Schema: public; Owner: admin
--

ALTER TABLE ONLY public.morisite_user_groups
    ADD CONSTRAINT morisite_user_groups_pkey PRIMARY KEY (id);


--
-- Name: morisite_user_groups morisite_user_groups_user_id_group_id_75c08144_uniq; Type: CONSTRAINT; Schema: public; Owner: admin
--

ALTER TABLE ONLY public.morisite_user_groups
    ADD CONSTRAINT morisite_user_groups_user_id_group_id_75c08144_uniq UNIQUE (user_id, group_id);


--
-- Name: morisite_user morisite_user_pkey; Type: CONSTRAINT; Schema: public; Owner: admin
--

ALTER TABLE ONLY public.morisite_user
    ADD CONSTRAINT morisite_user_pkey PRIMARY KEY (id_user);


--
-- Name: morisite_user_user_permissions morisite_user_user_permi_user_id_permission_id_b9603337_uniq; Type: CONSTRAINT; Schema: public; Owner: admin
--

ALTER TABLE ONLY public.morisite_user_user_permissions
    ADD CONSTRAINT morisite_user_user_permi_user_id_permission_id_b9603337_uniq UNIQUE (user_id, permission_id);


--
-- Name: morisite_user_user_permissions morisite_user_user_permissions_pkey; Type: CONSTRAINT; Schema: public; Owner: admin
--

ALTER TABLE ONLY public.morisite_user_user_permissions
    ADD CONSTRAINT morisite_user_user_permissions_pkey PRIMARY KEY (id);


--
-- Name: socialaccount_socialaccount socialaccount_socialaccount_pkey; Type: CONSTRAINT; Schema: public; Owner: admin
--

ALTER TABLE ONLY public.socialaccount_socialaccount
    ADD CONSTRAINT socialaccount_socialaccount_pkey PRIMARY KEY (id);


--
-- Name: socialaccount_socialaccount socialaccount_socialaccount_provider_uid_fc810c6e_uniq; Type: CONSTRAINT; Schema: public; Owner: admin
--

ALTER TABLE ONLY public.socialaccount_socialaccount
    ADD CONSTRAINT socialaccount_socialaccount_provider_uid_fc810c6e_uniq UNIQUE (provider, uid);


--
-- Name: socialaccount_socialapp_sites socialaccount_socialapp__socialapp_id_site_id_71a9a768_uniq; Type: CONSTRAINT; Schema: public; Owner: admin
--

ALTER TABLE ONLY public.socialaccount_socialapp_sites
    ADD CONSTRAINT socialaccount_socialapp__socialapp_id_site_id_71a9a768_uniq UNIQUE (socialapp_id, site_id);


--
-- Name: socialaccount_socialapp socialaccount_socialapp_pkey; Type: CONSTRAINT; Schema: public; Owner: admin
--

ALTER TABLE ONLY public.socialaccount_socialapp
    ADD CONSTRAINT socialaccount_socialapp_pkey PRIMARY KEY (id);


--
-- Name: socialaccount_socialapp_sites socialaccount_socialapp_sites_pkey; Type: CONSTRAINT; Schema: public; Owner: admin
--

ALTER TABLE ONLY public.socialaccount_socialapp_sites
    ADD CONSTRAINT socialaccount_socialapp_sites_pkey PRIMARY KEY (id);


--
-- Name: socialaccount_socialtoken socialaccount_socialtoken_app_id_account_id_fca4e0ac_uniq; Type: CONSTRAINT; Schema: public; Owner: admin
--

ALTER TABLE ONLY public.socialaccount_socialtoken
    ADD CONSTRAINT socialaccount_socialtoken_app_id_account_id_fca4e0ac_uniq UNIQUE (app_id, account_id);


--
-- Name: socialaccount_socialtoken socialaccount_socialtoken_pkey; Type: CONSTRAINT; Schema: public; Owner: admin
--

ALTER TABLE ONLY public.socialaccount_socialtoken
    ADD CONSTRAINT socialaccount_socialtoken_pkey PRIMARY KEY (id);


--
-- Name: account_emailaddress_email_03be32b2; Type: INDEX; Schema: public; Owner: admin
--

CREATE INDEX account_emailaddress_email_03be32b2 ON public.account_emailaddress USING btree (email);


--
-- Name: account_emailaddress_email_03be32b2_like; Type: INDEX; Schema: public; Owner: admin
--

CREATE INDEX account_emailaddress_email_03be32b2_like ON public.account_emailaddress USING btree (email varchar_pattern_ops);


--
-- Name: account_emailaddress_user_id_2c513194; Type: INDEX; Schema: public; Owner: admin
--

CREATE INDEX account_emailaddress_user_id_2c513194 ON public.account_emailaddress USING btree (user_id);


--
-- Name: account_emailconfirmation_email_address_id_5b7f8c58; Type: INDEX; Schema: public; Owner: admin
--

CREATE INDEX account_emailconfirmation_email_address_id_5b7f8c58 ON public.account_emailconfirmation USING btree (email_address_id);


--
-- Name: account_emailconfirmation_key_f43612bd_like; Type: INDEX; Schema: public; Owner: admin
--

CREATE INDEX account_emailconfirmation_key_f43612bd_like ON public.account_emailconfirmation USING btree (key varchar_pattern_ops);


--
-- Name: auth_group_name_a6ea08ec_like; Type: INDEX; Schema: public; Owner: admin
--

CREATE INDEX auth_group_name_a6ea08ec_like ON public.auth_group USING btree (name varchar_pattern_ops);


--
-- Name: auth_group_permissions_group_id_b120cbf9; Type: INDEX; Schema: public; Owner: admin
--

CREATE INDEX auth_group_permissions_group_id_b120cbf9 ON public.auth_group_permissions USING btree (group_id);


--
-- Name: auth_group_permissions_permission_id_84c5c92e; Type: INDEX; Schema: public; Owner: admin
--

CREATE INDEX auth_group_permissions_permission_id_84c5c92e ON public.auth_group_permissions USING btree (permission_id);


--
-- Name: auth_permission_content_type_id_2f476e4b; Type: INDEX; Schema: public; Owner: admin
--

CREATE INDEX auth_permission_content_type_id_2f476e4b ON public.auth_permission USING btree (content_type_id);


--
-- Name: django_admin_log_content_type_id_c4bce8eb; Type: INDEX; Schema: public; Owner: admin
--

CREATE INDEX django_admin_log_content_type_id_c4bce8eb ON public.django_admin_log USING btree (content_type_id);


--
-- Name: django_admin_log_user_id_c564eba6; Type: INDEX; Schema: public; Owner: admin
--

CREATE INDEX django_admin_log_user_id_c564eba6 ON public.django_admin_log USING btree (user_id);


--
-- Name: django_session_expire_date_a5c62663; Type: INDEX; Schema: public; Owner: admin
--

CREATE INDEX django_session_expire_date_a5c62663 ON public.django_session USING btree (expire_date);


--
-- Name: django_session_session_key_c0390e0f_like; Type: INDEX; Schema: public; Owner: admin
--

CREATE INDEX django_session_session_key_c0390e0f_like ON public.django_session USING btree (session_key varchar_pattern_ops);


--
-- Name: django_site_domain_a2e37b91_like; Type: INDEX; Schema: public; Owner: admin
--

CREATE INDEX django_site_domain_a2e37b91_like ON public.django_site USING btree (domain varchar_pattern_ops);


--
-- Name: knox_authtoken_digest_188c7e77_like; Type: INDEX; Schema: public; Owner: admin
--

CREATE INDEX knox_authtoken_digest_188c7e77_like ON public.knox_authtoken USING btree (digest varchar_pattern_ops);


--
-- Name: knox_authtoken_token_key_8f4f7d47; Type: INDEX; Schema: public; Owner: admin
--

CREATE INDEX knox_authtoken_token_key_8f4f7d47 ON public.knox_authtoken USING btree (token_key);


--
-- Name: knox_authtoken_token_key_8f4f7d47_like; Type: INDEX; Schema: public; Owner: admin
--

CREATE INDEX knox_authtoken_token_key_8f4f7d47_like ON public.knox_authtoken USING btree (token_key varchar_pattern_ops);


--
-- Name: knox_authtoken_user_id_e5a5d899; Type: INDEX; Schema: public; Owner: admin
--

CREATE INDEX knox_authtoken_user_id_e5a5d899 ON public.knox_authtoken USING btree (user_id);


--
-- Name: morisite_album_user_id_c34dc145; Type: INDEX; Schema: public; Owner: admin
--

CREATE INDEX morisite_album_user_id_c34dc145 ON public.morisite_album USING btree (user_id);


--
-- Name: morisite_comment_parent_comment_id_b3bdff74; Type: INDEX; Schema: public; Owner: admin
--

CREATE INDEX morisite_comment_parent_comment_id_b3bdff74 ON public.morisite_comment USING btree (parent_comment_id);


--
-- Name: morisite_comment_photo_id_8cfadeea; Type: INDEX; Schema: public; Owner: admin
--

CREATE INDEX morisite_comment_photo_id_8cfadeea ON public.morisite_comment USING btree (photo_id);


--
-- Name: morisite_comment_user_id_20880cab; Type: INDEX; Schema: public; Owner: admin
--

CREATE INDEX morisite_comment_user_id_20880cab ON public.morisite_comment USING btree (user_id);


--
-- Name: morisite_favorite_photo_id_8bf55378; Type: INDEX; Schema: public; Owner: admin
--

CREATE INDEX morisite_favorite_photo_id_8bf55378 ON public.morisite_favorite USING btree (photo_id);


--
-- Name: morisite_like_photo_id_95befee0; Type: INDEX; Schema: public; Owner: admin
--

CREATE INDEX morisite_like_photo_id_95befee0 ON public.morisite_like USING btree (photo_id);


--
-- Name: morisite_like_user_id_717239c3; Type: INDEX; Schema: public; Owner: admin
--

CREATE INDEX morisite_like_user_id_717239c3 ON public.morisite_like USING btree (user_id);


--
-- Name: morisite_notification_comment_id_5dab62ba; Type: INDEX; Schema: public; Owner: admin
--

CREATE INDEX morisite_notification_comment_id_5dab62ba ON public.morisite_notification USING btree (comment_id);


--
-- Name: morisite_notification_photo_id_cfde97ff; Type: INDEX; Schema: public; Owner: admin
--

CREATE INDEX morisite_notification_photo_id_cfde97ff ON public.morisite_notification USING btree (photo_id);


--
-- Name: morisite_notification_recipient_id_126e153a; Type: INDEX; Schema: public; Owner: admin
--

CREATE INDEX morisite_notification_recipient_id_126e153a ON public.morisite_notification USING btree (recipient_id);


--
-- Name: morisite_notification_sender_id_016fda30; Type: INDEX; Schema: public; Owner: admin
--

CREATE INDEX morisite_notification_sender_id_016fda30 ON public.morisite_notification USING btree (sender_id);


--
-- Name: morisite_photo_album_id_f23e2713; Type: INDEX; Schema: public; Owner: admin
--

CREATE INDEX morisite_photo_album_id_f23e2713 ON public.morisite_photo USING btree (album_id);


--
-- Name: morisite_search_history_user_id_99a5cb0d; Type: INDEX; Schema: public; Owner: admin
--

CREATE INDEX morisite_search_history_user_id_99a5cb0d ON public.morisite_search_history USING btree (user_id);


--
-- Name: morisite_trash_photo_id_c764868e; Type: INDEX; Schema: public; Owner: admin
--

CREATE INDEX morisite_trash_photo_id_c764868e ON public.morisite_trash USING btree (photo_id);


--
-- Name: morisite_trash_user_id_7e6a7dac; Type: INDEX; Schema: public; Owner: admin
--

CREATE INDEX morisite_trash_user_id_7e6a7dac ON public.morisite_trash USING btree (user_id);


--
-- Name: morisite_user_email_4eb40559_like; Type: INDEX; Schema: public; Owner: admin
--

CREATE INDEX morisite_user_email_4eb40559_like ON public.morisite_user USING btree (email varchar_pattern_ops);


--
-- Name: morisite_user_groups_group_id_847606b0; Type: INDEX; Schema: public; Owner: admin
--

CREATE INDEX morisite_user_groups_group_id_847606b0 ON public.morisite_user_groups USING btree (group_id);


--
-- Name: morisite_user_groups_user_id_ec514cfd; Type: INDEX; Schema: public; Owner: admin
--

CREATE INDEX morisite_user_groups_user_id_ec514cfd ON public.morisite_user_groups USING btree (user_id);


--
-- Name: morisite_user_user_permissions_permission_id_85fabb28; Type: INDEX; Schema: public; Owner: admin
--

CREATE INDEX morisite_user_user_permissions_permission_id_85fabb28 ON public.morisite_user_user_permissions USING btree (permission_id);


--
-- Name: morisite_user_user_permissions_user_id_fce9ba58; Type: INDEX; Schema: public; Owner: admin
--

CREATE INDEX morisite_user_user_permissions_user_id_fce9ba58 ON public.morisite_user_user_permissions USING btree (user_id);


--
-- Name: socialaccount_socialaccount_user_id_8146e70c; Type: INDEX; Schema: public; Owner: admin
--

CREATE INDEX socialaccount_socialaccount_user_id_8146e70c ON public.socialaccount_socialaccount USING btree (user_id);


--
-- Name: socialaccount_socialapp_sites_site_id_2579dee5; Type: INDEX; Schema: public; Owner: admin
--

CREATE INDEX socialaccount_socialapp_sites_site_id_2579dee5 ON public.socialaccount_socialapp_sites USING btree (site_id);


--
-- Name: socialaccount_socialapp_sites_socialapp_id_97fb6e7d; Type: INDEX; Schema: public; Owner: admin
--

CREATE INDEX socialaccount_socialapp_sites_socialapp_id_97fb6e7d ON public.socialaccount_socialapp_sites USING btree (socialapp_id);


--
-- Name: socialaccount_socialtoken_account_id_951f210e; Type: INDEX; Schema: public; Owner: admin
--

CREATE INDEX socialaccount_socialtoken_account_id_951f210e ON public.socialaccount_socialtoken USING btree (account_id);


--
-- Name: socialaccount_socialtoken_app_id_636a42d7; Type: INDEX; Schema: public; Owner: admin
--

CREATE INDEX socialaccount_socialtoken_app_id_636a42d7 ON public.socialaccount_socialtoken USING btree (app_id);


--
-- Name: unique_primary_email; Type: INDEX; Schema: public; Owner: admin
--

CREATE UNIQUE INDEX unique_primary_email ON public.account_emailaddress USING btree (user_id, "primary") WHERE "primary";


--
-- Name: unique_verified_email; Type: INDEX; Schema: public; Owner: admin
--

CREATE UNIQUE INDEX unique_verified_email ON public.account_emailaddress USING btree (email) WHERE verified;


--
-- Name: account_emailaddress account_emailaddress_user_id_2c513194_fk_morisite_user_id_user; Type: FK CONSTRAINT; Schema: public; Owner: admin
--

ALTER TABLE ONLY public.account_emailaddress
    ADD CONSTRAINT account_emailaddress_user_id_2c513194_fk_morisite_user_id_user FOREIGN KEY (user_id) REFERENCES public.morisite_user(id_user) DEFERRABLE INITIALLY DEFERRED;


--
-- Name: account_emailconfirmation account_emailconfirm_email_address_id_5b7f8c58_fk_account_e; Type: FK CONSTRAINT; Schema: public; Owner: admin
--

ALTER TABLE ONLY public.account_emailconfirmation
    ADD CONSTRAINT account_emailconfirm_email_address_id_5b7f8c58_fk_account_e FOREIGN KEY (email_address_id) REFERENCES public.account_emailaddress(id) DEFERRABLE INITIALLY DEFERRED;


--
-- Name: auth_group_permissions auth_group_permissio_permission_id_84c5c92e_fk_auth_perm; Type: FK CONSTRAINT; Schema: public; Owner: admin
--

ALTER TABLE ONLY public.auth_group_permissions
    ADD CONSTRAINT auth_group_permissio_permission_id_84c5c92e_fk_auth_perm FOREIGN KEY (permission_id) REFERENCES public.auth_permission(id) DEFERRABLE INITIALLY DEFERRED;


--
-- Name: auth_group_permissions auth_group_permissions_group_id_b120cbf9_fk_auth_group_id; Type: FK CONSTRAINT; Schema: public; Owner: admin
--

ALTER TABLE ONLY public.auth_group_permissions
    ADD CONSTRAINT auth_group_permissions_group_id_b120cbf9_fk_auth_group_id FOREIGN KEY (group_id) REFERENCES public.auth_group(id) DEFERRABLE INITIALLY DEFERRED;


--
-- Name: auth_permission auth_permission_content_type_id_2f476e4b_fk_django_co; Type: FK CONSTRAINT; Schema: public; Owner: admin
--

ALTER TABLE ONLY public.auth_permission
    ADD CONSTRAINT auth_permission_content_type_id_2f476e4b_fk_django_co FOREIGN KEY (content_type_id) REFERENCES public.django_content_type(id) DEFERRABLE INITIALLY DEFERRED;


--
-- Name: django_admin_log django_admin_log_content_type_id_c4bce8eb_fk_django_co; Type: FK CONSTRAINT; Schema: public; Owner: admin
--

ALTER TABLE ONLY public.django_admin_log
    ADD CONSTRAINT django_admin_log_content_type_id_c4bce8eb_fk_django_co FOREIGN KEY (content_type_id) REFERENCES public.django_content_type(id) DEFERRABLE INITIALLY DEFERRED;


--
-- Name: django_admin_log django_admin_log_user_id_c564eba6_fk_morisite_user_id_user; Type: FK CONSTRAINT; Schema: public; Owner: admin
--

ALTER TABLE ONLY public.django_admin_log
    ADD CONSTRAINT django_admin_log_user_id_c564eba6_fk_morisite_user_id_user FOREIGN KEY (user_id) REFERENCES public.morisite_user(id_user) DEFERRABLE INITIALLY DEFERRED;


--
-- Name: knox_authtoken knox_authtoken_user_id_e5a5d899_fk_morisite_user_id_user; Type: FK CONSTRAINT; Schema: public; Owner: admin
--

ALTER TABLE ONLY public.knox_authtoken
    ADD CONSTRAINT knox_authtoken_user_id_e5a5d899_fk_morisite_user_id_user FOREIGN KEY (user_id) REFERENCES public.morisite_user(id_user) DEFERRABLE INITIALLY DEFERRED;


--
-- Name: morisite_album morisite_album_user_id_c34dc145_fk_morisite_user_id_user; Type: FK CONSTRAINT; Schema: public; Owner: admin
--

ALTER TABLE ONLY public.morisite_album
    ADD CONSTRAINT morisite_album_user_id_c34dc145_fk_morisite_user_id_user FOREIGN KEY (user_id) REFERENCES public.morisite_user(id_user) DEFERRABLE INITIALLY DEFERRED;


--
-- Name: morisite_avatar morisite_avatar_user_id_4d2e2a21_fk_morisite_user_id_user; Type: FK CONSTRAINT; Schema: public; Owner: admin
--

ALTER TABLE ONLY public.morisite_avatar
    ADD CONSTRAINT morisite_avatar_user_id_4d2e2a21_fk_morisite_user_id_user FOREIGN KEY (user_id) REFERENCES public.morisite_user(id_user) DEFERRABLE INITIALLY DEFERRED;


--
-- Name: morisite_comment morisite_comment_parent_comment_id_b3bdff74_fk_morisite_; Type: FK CONSTRAINT; Schema: public; Owner: admin
--

ALTER TABLE ONLY public.morisite_comment
    ADD CONSTRAINT morisite_comment_parent_comment_id_b3bdff74_fk_morisite_ FOREIGN KEY (parent_comment_id) REFERENCES public.morisite_comment(id_comment) DEFERRABLE INITIALLY DEFERRED;


--
-- Name: morisite_comment morisite_comment_photo_id_8cfadeea_fk_morisite_photo_id_photo; Type: FK CONSTRAINT; Schema: public; Owner: admin
--

ALTER TABLE ONLY public.morisite_comment
    ADD CONSTRAINT morisite_comment_photo_id_8cfadeea_fk_morisite_photo_id_photo FOREIGN KEY (photo_id) REFERENCES public.morisite_photo(id_photo) DEFERRABLE INITIALLY DEFERRED;


--
-- Name: morisite_comment morisite_comment_user_id_20880cab_fk_morisite_user_id_user; Type: FK CONSTRAINT; Schema: public; Owner: admin
--

ALTER TABLE ONLY public.morisite_comment
    ADD CONSTRAINT morisite_comment_user_id_20880cab_fk_morisite_user_id_user FOREIGN KEY (user_id) REFERENCES public.morisite_user(id_user) DEFERRABLE INITIALLY DEFERRED;


--
-- Name: morisite_favorite morisite_favorite_photo_id_8bf55378_fk_morisite_photo_id_photo; Type: FK CONSTRAINT; Schema: public; Owner: admin
--

ALTER TABLE ONLY public.morisite_favorite
    ADD CONSTRAINT morisite_favorite_photo_id_8bf55378_fk_morisite_photo_id_photo FOREIGN KEY (photo_id) REFERENCES public.morisite_photo(id_photo) DEFERRABLE INITIALLY DEFERRED;


--
-- Name: morisite_like morisite_like_photo_id_95befee0_fk_morisite_photo_id_photo; Type: FK CONSTRAINT; Schema: public; Owner: admin
--

ALTER TABLE ONLY public.morisite_like
    ADD CONSTRAINT morisite_like_photo_id_95befee0_fk_morisite_photo_id_photo FOREIGN KEY (photo_id) REFERENCES public.morisite_photo(id_photo) DEFERRABLE INITIALLY DEFERRED;


--
-- Name: morisite_like morisite_like_user_id_717239c3_fk_morisite_user_id_user; Type: FK CONSTRAINT; Schema: public; Owner: admin
--

ALTER TABLE ONLY public.morisite_like
    ADD CONSTRAINT morisite_like_user_id_717239c3_fk_morisite_user_id_user FOREIGN KEY (user_id) REFERENCES public.morisite_user(id_user) DEFERRABLE INITIALLY DEFERRED;


--
-- Name: morisite_notification morisite_notificatio_comment_id_5dab62ba_fk_morisite_; Type: FK CONSTRAINT; Schema: public; Owner: admin
--

ALTER TABLE ONLY public.morisite_notification
    ADD CONSTRAINT morisite_notificatio_comment_id_5dab62ba_fk_morisite_ FOREIGN KEY (comment_id) REFERENCES public.morisite_comment(id_comment) DEFERRABLE INITIALLY DEFERRED;


--
-- Name: morisite_notification morisite_notificatio_photo_id_cfde97ff_fk_morisite_; Type: FK CONSTRAINT; Schema: public; Owner: admin
--

ALTER TABLE ONLY public.morisite_notification
    ADD CONSTRAINT morisite_notificatio_photo_id_cfde97ff_fk_morisite_ FOREIGN KEY (photo_id) REFERENCES public.morisite_photo(id_photo) DEFERRABLE INITIALLY DEFERRED;


--
-- Name: morisite_notification morisite_notificatio_recipient_id_126e153a_fk_morisite_; Type: FK CONSTRAINT; Schema: public; Owner: admin
--

ALTER TABLE ONLY public.morisite_notification
    ADD CONSTRAINT morisite_notificatio_recipient_id_126e153a_fk_morisite_ FOREIGN KEY (recipient_id) REFERENCES public.morisite_user(id_user) DEFERRABLE INITIALLY DEFERRED;


--
-- Name: morisite_notification morisite_notificatio_sender_id_016fda30_fk_morisite_; Type: FK CONSTRAINT; Schema: public; Owner: admin
--

ALTER TABLE ONLY public.morisite_notification
    ADD CONSTRAINT morisite_notificatio_sender_id_016fda30_fk_morisite_ FOREIGN KEY (sender_id) REFERENCES public.morisite_user(id_user) DEFERRABLE INITIALLY DEFERRED;


--
-- Name: morisite_photo morisite_photo_album_id_f23e2713_fk_morisite_album_id_album; Type: FK CONSTRAINT; Schema: public; Owner: admin
--

ALTER TABLE ONLY public.morisite_photo
    ADD CONSTRAINT morisite_photo_album_id_f23e2713_fk_morisite_album_id_album FOREIGN KEY (album_id) REFERENCES public.morisite_album(id_album) DEFERRABLE INITIALLY DEFERRED;


--
-- Name: morisite_search_history morisite_search_hist_user_id_99a5cb0d_fk_morisite_; Type: FK CONSTRAINT; Schema: public; Owner: admin
--

ALTER TABLE ONLY public.morisite_search_history
    ADD CONSTRAINT morisite_search_hist_user_id_99a5cb0d_fk_morisite_ FOREIGN KEY (user_id) REFERENCES public.morisite_user(id_user) DEFERRABLE INITIALLY DEFERRED;


--
-- Name: morisite_trash morisite_trash_photo_id_c764868e_fk_morisite_photo_id_photo; Type: FK CONSTRAINT; Schema: public; Owner: admin
--

ALTER TABLE ONLY public.morisite_trash
    ADD CONSTRAINT morisite_trash_photo_id_c764868e_fk_morisite_photo_id_photo FOREIGN KEY (photo_id) REFERENCES public.morisite_photo(id_photo) DEFERRABLE INITIALLY DEFERRED;


--
-- Name: morisite_trash morisite_trash_user_id_7e6a7dac_fk_morisite_user_id_user; Type: FK CONSTRAINT; Schema: public; Owner: admin
--

ALTER TABLE ONLY public.morisite_trash
    ADD CONSTRAINT morisite_trash_user_id_7e6a7dac_fk_morisite_user_id_user FOREIGN KEY (user_id) REFERENCES public.morisite_user(id_user) DEFERRABLE INITIALLY DEFERRED;


--
-- Name: morisite_user_groups morisite_user_groups_group_id_847606b0_fk_auth_group_id; Type: FK CONSTRAINT; Schema: public; Owner: admin
--

ALTER TABLE ONLY public.morisite_user_groups
    ADD CONSTRAINT morisite_user_groups_group_id_847606b0_fk_auth_group_id FOREIGN KEY (group_id) REFERENCES public.auth_group(id) DEFERRABLE INITIALLY DEFERRED;


--
-- Name: morisite_user_groups morisite_user_groups_user_id_ec514cfd_fk_morisite_user_id_user; Type: FK CONSTRAINT; Schema: public; Owner: admin
--

ALTER TABLE ONLY public.morisite_user_groups
    ADD CONSTRAINT morisite_user_groups_user_id_ec514cfd_fk_morisite_user_id_user FOREIGN KEY (user_id) REFERENCES public.morisite_user(id_user) DEFERRABLE INITIALLY DEFERRED;


--
-- Name: morisite_user_user_permissions morisite_user_user_p_permission_id_85fabb28_fk_auth_perm; Type: FK CONSTRAINT; Schema: public; Owner: admin
--

ALTER TABLE ONLY public.morisite_user_user_permissions
    ADD CONSTRAINT morisite_user_user_p_permission_id_85fabb28_fk_auth_perm FOREIGN KEY (permission_id) REFERENCES public.auth_permission(id) DEFERRABLE INITIALLY DEFERRED;


--
-- Name: morisite_user_user_permissions morisite_user_user_p_user_id_fce9ba58_fk_morisite_; Type: FK CONSTRAINT; Schema: public; Owner: admin
--

ALTER TABLE ONLY public.morisite_user_user_permissions
    ADD CONSTRAINT morisite_user_user_p_user_id_fce9ba58_fk_morisite_ FOREIGN KEY (user_id) REFERENCES public.morisite_user(id_user) DEFERRABLE INITIALLY DEFERRED;


--
-- Name: socialaccount_socialtoken socialaccount_social_account_id_951f210e_fk_socialacc; Type: FK CONSTRAINT; Schema: public; Owner: admin
--

ALTER TABLE ONLY public.socialaccount_socialtoken
    ADD CONSTRAINT socialaccount_social_account_id_951f210e_fk_socialacc FOREIGN KEY (account_id) REFERENCES public.socialaccount_socialaccount(id) DEFERRABLE INITIALLY DEFERRED;


--
-- Name: socialaccount_socialtoken socialaccount_social_app_id_636a42d7_fk_socialacc; Type: FK CONSTRAINT; Schema: public; Owner: admin
--

ALTER TABLE ONLY public.socialaccount_socialtoken
    ADD CONSTRAINT socialaccount_social_app_id_636a42d7_fk_socialacc FOREIGN KEY (app_id) REFERENCES public.socialaccount_socialapp(id) DEFERRABLE INITIALLY DEFERRED;


--
-- Name: socialaccount_socialapp_sites socialaccount_social_site_id_2579dee5_fk_django_si; Type: FK CONSTRAINT; Schema: public; Owner: admin
--

ALTER TABLE ONLY public.socialaccount_socialapp_sites
    ADD CONSTRAINT socialaccount_social_site_id_2579dee5_fk_django_si FOREIGN KEY (site_id) REFERENCES public.django_site(id) DEFERRABLE INITIALLY DEFERRED;


--
-- Name: socialaccount_socialapp_sites socialaccount_social_socialapp_id_97fb6e7d_fk_socialacc; Type: FK CONSTRAINT; Schema: public; Owner: admin
--

ALTER TABLE ONLY public.socialaccount_socialapp_sites
    ADD CONSTRAINT socialaccount_social_socialapp_id_97fb6e7d_fk_socialacc FOREIGN KEY (socialapp_id) REFERENCES public.socialaccount_socialapp(id) DEFERRABLE INITIALLY DEFERRED;


--
-- Name: socialaccount_socialaccount socialaccount_social_user_id_8146e70c_fk_morisite_; Type: FK CONSTRAINT; Schema: public; Owner: admin
--

ALTER TABLE ONLY public.socialaccount_socialaccount
    ADD CONSTRAINT socialaccount_social_user_id_8146e70c_fk_morisite_ FOREIGN KEY (user_id) REFERENCES public.morisite_user(id_user) DEFERRABLE INITIALLY DEFERRED;